Site,Population,ldt1,ldt2,ldt3,brt1,brt2,brt3,lvt1,lvt2,lvt3
1,N,1,1,1,0,1,0,0,275,0
1,N,1,1,1,0,1,0,0,1900,0
1,N,1,1,1,0,0,0,0,0,0
1,N,1,1,1,0,0,0,0,0,0
1,N,1,1,1,0,0,0,0,0,0
1,N,1,1,1,0,0,0,0,0,0
1,N,1,1,1,0,0,0,0,0,0
1,N,1,1,1,0,0,0,0,0,0
1,N,1,1,1,0,0,0,0,0,0
1,N,1,1,1,0,0,0,0,0,0
1,N,1,1,1,0,0,0,0,0,0
1,N,1,1,1,0,0,0,0,0,0
1,N,1,1,1,0,0,0,0,0,0
1,N,1,1,1,0,0,0,0,0,0
1,N,1,1,1,0,0,0,0,0,0
1,N,1,1,1,0,0,0,0,0,0
1,N,1,1,1,0,0,0,0,0,0
1,N,1,1,1,0,0,0,0,0,0
1,N,1,1,1,0,0,0,0,0,0
1,N,1,1,1,0,0,0,0,0,0
1,N,1,1,1,0,0,0,0,0,0
1,N,1,1,1,0,0,0,0,0,0
1,N,1,1,1,0,0,0,0,0,0
1,N,1,1,1,0,0,0,0,0,0
1,N,1,1,1,0,0,0,0,0,0
1,N,1,1,1,0,0,0,0,0,0
1,N,1,1,1,0,0,0,0,0,0
1,N,1,1,1,0,0,0,0,0,0
1,N,1,1,1,0,0,0,0,0,0
1,N,1,1,1,0,0,0,0,0,0
1,N,1,1,1,0,0,0,0,0,0
1,N,1,1,1,0,0,0,0,0,0
1,N,1,1,1,0,0,0,0,0,0
1,N,1,1,1,0,0,0,0,0,0
1,N,1,1,1,0,0,0,0,0,0
1,N,1,1,1,0,0,0,0,0,0
1,N,1,1,1,0,0,0,0,0,0
1,N,1,1,1,0,0,0,0,0,0
1,N,1,1,1,0,0,0,0,0,0
1,N,1,1,1,0,0,0,0,0,0
1,N,1,1,1,0,0,0,0,0,0
1,N,1,1,1,0,0,0,0,0,0
1,N,1,1,1,0,0,0,0,0,0
1,N,1,1,1,0,0,0,0,0,0
1,N,1,1,1,0,0,0,0,0,0
1,N,1,1,1,0,0,0,0,0,0
1,N,1,1,1,0,0,0,0,0,0
1,N,1,1,1,0,0,0,0,0,0
1,N,1,1,1,0,0,0,0,0,0
1,N,1,1,0,0,0,0,0,0,0
1,N,1,1,0,0,0,0,0,0,0
1,N,1,1,0,0,0,0,0,0,0
1,N,1,1,0,0,0,0,0,0,0
1,N,1,1,0,0,0,0,0,0,0
1,N,1,1,0,0,0,0,0,0,0
1,N,1,1,0,0,0,0,0,0,0
1,N,1,1,0,0,0,0,0,0,0
1,N,1,1,0,0,0,0,0,0,0
1,N,1,1,0,0,0,0,0,0,0
1,N,1,0,0,0,0,0,0,0,0
1,N,0,0,0,0,0,0,0,0,0
1,N,0,0,0,0,0,0,0,0,0
1,N,0,0,0,0,0,0,0,0,0
1,N,0,0,0,0,0,0,0,0,0
1,N,0,0,0,0,0,0,0,0,0
1,N,0,0,0,0,0,0,0,0,0
1,N,0,0,0,0,0,0,0,0,0
1,H,1,1,1,0,1,1,0,433,110013
1,H,1,1,1,0,0,1,0,0,186747
1,H,1,1,1,0,0,1,0,0,126827
1,H,1,1,1,0,0,1,0,0,7280
1,H,1,1,1,0,0,1,0,0,583
1,H,1,1,1,0,0,0,0,0,0
1,H,1,1,1,0,0,0,0,0,0
1,H,1,1,1,0,0,0,0,0,0
1,H,1,1,1,0,0,0,0,0,0
1,H,1,1,1,0,0,0,0,0,0
1,H,1,1,1,0,0,0,0,0,0
1,H,1,1,1,0,0,0,0,0,0
1,H,1,1,1,0,0,0,0,0,0
1,H,1,1,1,0,0,0,0,0,0
1,H,1,1,1,0,0,0,0,0,0
1,H,1,1,1,0,0,0,0,0,0
1,H,1,1,1,0,0,0,0,0,0
1,H,1,1,1,0,0,0,0,0,0
1,H,1,1,1,0,0,0,0,0,0
1,H,1,1,1,0,0,0,0,0,0
1,H,1,1,1,0,0,0,0,0,0
1,H,1,1,1,0,0,0,0,0,0
1,H,1,1,1,0,0,0,0,0,0
1,H,1,1,1,0,0,0,0,0,0
1,H,1,1,1,0,0,0,0,0,0
1,H,1,1,1,0,0,0,0,0,0
1,H,1,1,1,0,0,0,0,0,0
1,H,1,1,1,0,0,0,0,0,0
1,H,1,1,1,0,0,0,0,0,0
1,H,1,1,1,0,0,0,0,0,0
1,H,1,1,1,0,0,0,0,0,0
1,H,1,1,1,0,0,0,0,0,0
1,H,1,1,1,0,0,0,0,0,0
1,H,1,1,1,0,0,0,0,0,0
1,H,1,1,1,0,0,0,0,0,0
1,H,1,1,1,0,0,0,0,0,0
1,H,1,1,1,0,0,0,0,0,0
1,H,1,1,1,0,0,0,0,0,0
1,H,1,1,1,0,0,0,0,0,0
1,H,1,1,1,0,0,0,0,0,0
1,H,1,1,1,0,0,0,0,0,0
1,H,1,1,1,0,0,0,0,0,0
1,H,1,1,1,0,0,0,0,0,0
1,H,1,1,1,0,0,0,0,0,0
1,H,1,1,1,0,0,0,0,0,0
1,H,1,1,1,0,0,0,0,0,0
1,H,1,1,1,0,0,0,0,0,0
1,H,1,1,1,0,0,0,0,0,0
1,H,1,1,1,0,0,0,0,0,0
1,H,1,1,1,0,0,0,0,0,0
1,H,1,1,1,0,0,0,0,0,0
1,H,1,1,1,0,0,0,0,0,0
1,H,1,1,1,0,0,0,0,0,0
1,H,1,1,1,0,0,0,0,0,0
1,H,1,1,1,0,0,0,0,0,0
1,H,1,1,1,0,0,0,0,0,0
1,H,1,1,1,0,0,0,0,0,0
1,H,1,1,1,0,0,0,0,0,0
1,H,1,1,1,0,0,0,0,0,0
1,H,1,1,1,0,0,0,0,0,0
1,H,1,1,1,0,0,0,0,0,0
1,H,1,1,1,0,0,0,0,0,0
1,H,1,1,1,0,0,0,0,0,0
1,H,1,1,1,0,0,0,0,0,0
1,H,1,1,0,0,0,0,0,0,0
1,H,1,1,0,0,0,0,0,0,0
1,H,1,1,0,0,0,0,0,0,0
1,H,1,1,0,0,0,0,0,0,0
1,H,1,1,0,0,0,0,0,0,0
1,H,1,1,0,0,0,0,0,0,0
1,H,1,1,0,0,0,0,0,0,0
1,H,1,1,0,0,0,0,0,0,0
1,H,1,1,0,0,0,0,0,0,0
1,H,1,1,0,0,0,0,0,0,0
1,H,1,1,0,0,0,0,0,0,0
1,H,1,1,0,0,0,0,0,0,0
1,H,1,1,0,0,0,0,0,0,0
1,H,1,1,0,0,0,0,0,0,0
1,H,1,1,0,0,0,0,0,0,0
1,H,1,1,0,0,0,0,0,0,0
1,H,1,1,0,0,0,0,0,0,0
1,H,1,1,0,0,0,0,0,0,0
1,H,0,0,0,0,0,0,0,0,0
1,H,0,0,0,0,0,0,0,0,0
1,H,0,0,0,0,0,0,0,0,0
1,H,0,0,0,0,0,0,0,0,0
1,H,0,0,0,0,0,0,0,0,0
1,H,0,0,0,0,0,0,0,0,0
1,H,0,0,0,0,0,0,0,0,0
1,S,1,1,1,0,1,0,0,867,0
1,S,1,1,1,0,1,0,0,585,0
1,S,1,1,1,0,1,0,0,35,0
1,S,1,1,1,0,0,0,0,0,0
1,S,1,1,1,0,0,0,0,0,0
1,S,1,1,1,0,0,0,0,0,0
1,S,1,1,1,0,0,0,0,0,0
1,S,1,1,1,0,0,0,0,0,0
1,S,1,1,1,0,0,0,0,0,0
1,S,1,1,1,0,0,0,0,0,0
1,S,1,1,1,0,0,0,0,0,0
1,S,1,1,1,0,0,0,0,0,0
1,S,1,1,1,0,0,0,0,0,0
1,S,1,1,1,0,0,0,0,0,0
1,S,1,1,1,0,0,0,0,0,0
1,S,1,1,1,0,0,0,0,0,0
1,S,1,1,1,0,0,0,0,0,0
1,S,1,1,1,0,0,0,0,0,0
1,S,1,1,1,0,0,0,0,0,0
1,S,1,1,1,0,0,0,0,0,0
1,S,1,1,1,0,0,0,0,0,0
1,S,1,1,1,0,0,0,0,0,0
1,S,1,1,1,0,0,0,0,0,0
1,S,1,1,1,0,0,0,0,0,0
1,S,1,1,1,0,0,0,0,0,0
1,S,1,1,1,0,0,0,0,0,0
1,S,1,1,1,0,0,0,0,0,0
1,S,1,1,1,0,0,0,0,0,0
1,S,1,1,1,0,0,0,0,0,0
1,S,1,1,1,0,0,0,0,0,0
1,S,1,1,1,0,0,0,0,0,0
1,S,1,1,1,0,0,0,0,0,0
1,S,1,1,1,0,0,0,0,0,0
1,S,1,1,1,0,0,0,0,0,0
1,S,1,1,1,0,0,0,0,0,0
1,S,1,1,1,0,0,0,0,0,0
1,S,1,1,1,0,0,0,0,0,0
1,S,1,1,1,0,0,0,0,0,0
1,S,1,1,1,0,0,0,0,0,0
1,S,1,1,1,0,0,0,0,0,0
1,S,1,1,1,0,0,0,0,0,0
1,S,1,1,1,0,0,0,0,0,0
1,S,1,1,1,0,0,0,0,0,0
1,S,1,1,1,0,0,0,0,0,0
1,S,1,1,1,0,0,0,0,0,0
1,S,1,1,1,0,0,0,0,0,0
1,S,1,1,1,0,0,0,0,0,0
1,S,1,1,1,0,0,0,0,0,0
1,S,1,1,1,0,0,0,0,0,0
1,S,1,1,1,0,0,0,0,0,0
1,S,1,1,1,0,0,0,0,0,0
1,S,1,1,1,0,0,0,0,0,0
1,S,1,1,1,0,0,0,0,0,0
1,S,1,1,1,0,0,0,0,0,0
1,S,1,1,1,0,0,0,0,0,0
1,S,1,1,1,0,0,0,0,0,0
1,S,1,1,1,0,0,0,0,0,0
1,S,1,1,1,0,0,0,0,0,0
1,S,1,1,1,0,0,0,0,0,0
1,S,1,1,1,0,0,0,0,0,0
1,S,1,1,1,0,0,0,0,0,0
1,S,1,1,1,0,0,0,0,0,0
1,S,1,1,1,0,0,0,0,0,0
1,S,1,1,1,0,0,0,0,0,0
1,S,1,1,1,0,0,0,0,0,0
1,S,1,1,1,0,0,0,0,0,0
1,S,1,1,1,0,0,0,0,0,0
1,S,1,1,1,0,0,0,0,0,0
1,S,1,1,1,0,0,0,0,0,0
1,S,1,1,1,0,0,0,0,0,0
1,S,1,1,1,0,0,0,0,0,0
1,S,1,1,1,0,0,0,0,0,0
1,S,1,1,1,0,0,0,0,0,0
1,S,1,1,1,0,0,0,0,0,0
1,S,1,1,1,0,0,0,0,0,0
1,S,1,1,1,0,0,0,0,0,0
1,S,1,1,1,0,0,0,0,0,0
1,S,1,1,0,0,0,0,0,0,0
1,S,1,1,0,0,0,0,0,0,0
1,S,1,0,0,0,0,0,0,0,0
1,S,1,0,0,0,0,0,0,0,0
1,S,1,0,0,0,0,0,0,0,0
1,S,1,0,0,0,0,0,0,0,0
1,S,1,0,0,0,0,0,0,0,0
1,S,1,0,0,0,0,0,0,0,0
1,S,0,0,0,0,0,0,0,0,0
1,S,0,0,0,0,0,0,0,0,0
1,S,0,0,0,0,0,0,0,0,0
1,S,0,0,0,0,0,0,0,0,0
1,S,0,0,0,0,0,0,0,0,0
1,S,0,0,0,0,0,0,0,0,0
1,S,0,0,0,0,0,0,0,0,0
1,S,0,0,0,0,0,0,0,0,0
4,N,1,1,1,0,0,0,0,0,0
4,N,1,1,1,0,0,0,0,0,0
4,N,1,1,1,0,0,0,0,0,0
4,N,1,1,1,0,0,0,0,0,0
4,N,1,1,1,0,0,0,0,0,0
4,N,1,1,1,0,0,0,0,0,0
4,N,1,1,1,0,0,0,0,0,0
4,N,1,1,1,0,0,0,0,0,0
4,N,1,1,1,0,0,0,0,0,0
4,N,1,1,1,0,0,0,0,0,0
4,N,1,1,1,0,0,0,0,0,0
4,N,1,1,1,0,0,0,0,0,0
4,N,1,1,1,0,0,0,0,0,0
4,N,1,1,1,0,0,0,0,0,0
4,N,1,1,1,0,0,0,0,0,0
4,N,1,1,1,0,0,0,0,0,0
4,N,1,1,1,0,0,0,0,0,0
4,N,1,1,1,0,0,0,0,0,0
4,N,1,1,1,0,0,0,0,0,0
4,N,1,1,1,0,0,0,0,0,0
4,N,1,1,1,0,0,0,0,0,0
4,N,1,1,1,0,0,0,0,0,0
4,N,1,1,1,0,0,0,0,0,0
4,N,1,1,1,0,0,0,0,0,0
4,N,1,1,1,0,0,0,0,0,0
4,N,1,1,1,0,0,0,0,0,0
4,N,1,1,1,0,0,0,0,0,0
4,N,1,1,1,0,0,0,0,0,0
4,N,1,1,1,0,0,0,0,0,0
4,N,1,1,1,0,0,0,0,0,0
4,N,1,1,1,0,0,0,0,0,0
4,N,1,1,1,0,0,0,0,0,0
4,N,1,1,1,0,0,0,0,0,0
4,N,1,1,1,0,0,0,0,0,0
4,N,1,1,1,0,0,0,0,0,0
4,N,1,1,1,0,0,0,0,0,0
4,N,1,1,1,0,0,0,0,0,0
4,N,1,1,1,0,0,0,0,0,0
4,N,1,1,1,0,0,0,0,0,0
4,N,1,1,1,0,0,0,0,0,0
4,N,1,1,1,0,0,0,0,0,0
4,N,1,1,1,0,0,0,0,0,0
4,N,1,1,1,0,0,0,0,0,0
4,N,1,1,1,0,0,0,0,0,0
4,N,1,1,1,0,0,0,0,0,0
4,N,1,1,1,0,0,0,0,0,0
4,N,1,1,1,0,0,0,0,0,0
4,N,1,1,0,0,0,0,0,0,0
4,N,1,1,0,0,0,0,0,0,0
4,N,1,1,0,0,0,0,0,0,0
4,N,1,1,0,0,0,0,0,0,0
4,N,1,0,0,0,0,0,0,0,0
4,N,1,0,0,0,0,0,0,0,0
4,N,1,0,0,0,0,0,0,0,0
4,N,1,0,0,0,0,0,0,0,0
4,N,1,0,0,0,0,0,0,0,0
4,N,1,0,0,0,0,0,0,0,0
4,N,1,0,0,0,0,0,0,0,0
4,N,1,0,0,0,0,0,0,0,0
4,H,1,1,1,0,0,1,0,0,11400
4,H,1,1,1,0,0,0,0,0,0
4,H,1,1,1,0,0,0,0,0,0
4,H,1,1,1,0,0,0,0,0,0
4,H,1,1,1,0,0,0,0,0,0
4,H,1,1,1,0,0,0,0,0,0
4,H,1,1,1,0,0,0,0,0,0
4,H,1,1,1,0,0,0,0,0,0
4,H,1,1,1,0,0,0,0,0,0
4,H,1,1,1,0,0,0,0,0,0
4,H,1,1,1,0,0,0,0,0,0
4,H,1,1,1,0,0,0,0,0,0
4,H,1,1,1,0,0,0,0,0,0
4,H,1,1,1,0,0,0,0,0,0
4,H,1,1,1,0,0,0,0,0,0
4,H,1,1,1,0,0,0,0,0,0
4,H,1,1,1,0,0,0,0,0,0
4,H,1,1,1,0,0,0,0,0,0
4,H,1,1,1,0,0,0,0,0,0
4,H,1,1,1,0,0,0,0,0,0
4,H,1,1,1,0,0,0,0,0,0
4,H,1,1,1,0,0,0,0,0,0
4,H,1,1,1,0,0,0,0,0,0
4,H,1,1,1,0,0,0,0,0,0
4,H,1,1,1,0,0,0,0,0,0
4,H,1,1,1,0,0,0,0,0,0
4,H,1,1,1,0,0,0,0,0,0
4,H,1,1,1,0,0,0,0,0,0
4,H,1,1,1,0,0,0,0,0,0
4,H,1,1,1,0,0,0,0,0,0
4,H,1,1,1,0,0,0,0,0,0
4,H,1,1,1,0,0,0,0,0,0
4,H,1,1,1,0,0,0,0,0,0
4,H,1,1,1,0,0,0,0,0,0
4,H,1,1,1,0,0,0,0,0,0
4,H,1,1,1,0,0,0,0,0,0
4,H,1,1,1,0,0,0,0,0,0
4,H,1,1,1,0,0,0,0,0,0
4,H,1,1,1,0,0,0,0,0,0
4,H,1,1,1,0,0,0,0,0,0
4,H,1,1,1,0,0,0,0,0,0
4,H,1,1,1,0,0,0,0,0,0
4,H,1,1,1,0,0,0,0,0,0
4,H,1,1,1,0,0,0,0,0,0
4,H,1,1,1,0,0,0,0,0,0
4,H,1,1,1,0,0,0,0,0,0
4,H,1,1,1,0,0,0,0,0,0
4,H,1,1,1,0,0,0,0,0,0
4,H,1,1,1,0,0,0,0,0,0
4,H,1,1,1,0,0,0,0,0,0
4,H,1,1,1,0,0,0,0,0,0
4,H,1,1,1,0,0,0,0,0,0
4,H,1,1,1,0,0,0,0,0,0
4,H,1,1,1,0,0,0,0,0,0
4,H,1,1,1,0,0,0,0,0,0
4,H,1,1,1,0,0,0,0,0,0
4,H,1,1,1,0,0,0,0,0,0
4,H,1,1,1,0,0,0,0,0,0
4,H,1,1,1,0,0,0,0,0,0
4,H,1,1,1,0,0,0,0,0,0
4,H,1,1,1,0,0,0,0,0,0
4,H,1,1,1,0,0,0,0,0,0
4,H,1,1,1,0,0,0,0,0,0
4,H,1,1,1,0,0,0,0,0,0
4,H,1,1,1,0,0,0,0,0,0
4,H,1,1,1,0,0,0,0,0,0
4,H,1,1,1,0,0,0,0,0,0
4,H,1,1,1,0,0,0,0,0,0
4,H,1,1,1,0,0,0,0,0,0
4,H,1,1,1,0,0,0,0,0,0
4,H,1,1,1,0,0,0,0,0,0
4,H,1,1,1,0,0,0,0,0,0
4,H,1,1,1,0,0,0,0,0,0
4,H,1,1,1,0,0,0,0,0,0
4,H,1,1,1,0,0,0,0,0,0
4,H,1,1,1,0,0,0,0,0,0
4,H,1,1,1,0,0,0,0,0,0
4,H,1,1,1,0,0,0,0,0,0
4,H,1,1,1,0,0,0,0,0,0
4,H,1,1,1,0,0,0,0,0,0
4,H,1,1,1,0,0,0,0,0,0
4,H,1,1,0,0,0,0,0,0,0
4,H,1,1,0,0,0,0,0,0,0
4,H,1,1,0,0,0,0,0,0,0
4,H,1,1,0,0,0,0,0,0,0
4,H,1,1,0,0,0,0,0,0,0
4,H,1,1,0,0,0,0,0,0,0
4,H,1,1,0,0,0,0,0,0,0
4,H,1,1,0,0,0,0,0,0,0
4,H,1,1,0,0,0,0,0,0,0
4,H,1,1,0,0,0,0,0,0,0
4,H,1,1,0,0,0,0,0,0,0
4,H,1,1,0,0,0,0,0,0,0
4,H,1,1,0,0,0,0,0,0,0
4,H,1,1,0,0,0,0,0,0,0
4,H,1,0,0,0,0,0,0,0,0
4,H,1,0,0,0,0,0,0,0,0
4,S,1,1,1,0,0,0,0,0,0
4,S,1,1,1,0,0,0,0,0,0
4,S,1,1,1,0,0,0,0,0,0
4,S,1,1,1,0,0,0,0,0,0
4,S,1,1,1,0,0,0,0,0,0
4,S,1,1,1,0,0,0,0,0,0
4,S,1,1,1,0,0,0,0,0,0
4,S,1,1,1,0,0,0,0,0,0
4,S,1,1,1,0,0,0,0,0,0
4,S,1,1,1,0,0,0,0,0,0
4,S,1,1,1,0,0,0,0,0,0
4,S,1,1,1,0,0,0,0,0,0
4,S,1,1,1,0,0,0,0,0,0
4,S,1,1,1,0,0,0,0,0,0
4,S,1,1,1,0,0,0,0,0,0
4,S,1,1,1,0,0,0,0,0,0
4,S,1,1,1,0,0,0,0,0,0
4,S,1,1,1,0,0,0,0,0,0
4,S,1,1,1,0,0,0,0,0,0
4,S,1,1,1,0,0,0,0,0,0
4,S,1,1,1,0,0,0,0,0,0
4,S,1,1,1,0,0,0,0,0,0
4,S,1,1,1,0,0,0,0,0,0
4,S,1,1,1,0,0,0,0,0,0
4,S,1,1,1,0,0,0,0,0,0
4,S,1,1,1,0,0,0,0,0,0
4,S,1,1,1,0,0,0,0,0,0
4,S,1,1,1,0,0,0,0,0,0
4,S,1,1,1,0,0,0,0,0,0
4,S,1,1,1,0,0,0,0,0,0
4,S,1,1,1,0,0,0,0,0,0
4,S,1,1,1,0,0,0,0,0,0
4,S,1,1,1,0,0,0,0,0,0
4,S,1,1,1,0,0,0,0,0,0
4,S,1,1,1,0,0,0,0,0,0
4,S,1,1,1,0,0,0,0,0,0
4,S,1,1,1,0,0,0,0,0,0
4,S,1,1,1,0,0,0,0,0,0
4,S,1,1,1,0,0,0,0,0,0
4,S,1,1,1,0,0,0,0,0,0
4,S,1,1,1,0,0,0,0,0,0
4,S,1,1,1,0,0,0,0,0,0
4,S,1,1,1,0,0,0,0,0,0
4,S,1,1,1,0,0,0,0,0,0
4,S,1,1,1,0,0,0,0,0,0
4,S,1,1,1,0,0,0,0,0,0
4,S,1,1,1,0,0,0,0,0,0
4,S,1,1,1,0,0,0,0,0,0
4,S,1,1,1,0,0,0,0,0,0
4,S,1,1,1,0,0,0,0,0,0
4,S,1,1,1,0,0,0,0,0,0
4,S,1,1,1,0,0,0,0,0,0
4,S,1,1,1,0,0,0,0,0,0
4,S,1,1,1,0,0,0,0,0,0
4,S,1,1,1,0,0,0,0,0,0
4,S,1,1,1,0,0,0,0,0,0
4,S,1,1,1,0,0,0,0,0,0
4,S,1,1,1,0,0,0,0,0,0
4,S,1,1,1,0,0,0,0,0,0
4,S,1,1,1,0,0,0,0,0,0
4,S,1,1,1,0,0,0,0,0,0
4,S,1,1,1,0,0,0,0,0,0
4,S,1,1,1,0,0,0,0,0,0
4,S,1,1,1,0,0,0,0,0,0
4,S,1,1,1,0,0,0,0,0,0
4,S,1,1,1,0,0,0,0,0,0
4,S,1,1,1,0,0,0,0,0,0
4,S,1,1,1,0,0,0,0,0,0
4,S,1,1,1,0,0,0,0,0,0
4,S,1,1,0,0,0,0,0,0,0
4,S,1,1,0,0,0,0,0,0,0
4,S,1,1,0,0,0,0,0,0,0
4,S,1,1,0,0,0,0,0,0,0
4,S,1,1,0,0,0,0,0,0,0
4,S,1,1,0,0,0,0,0,0,0
4,S,1,1,0,0,0,0,0,0,0
4,S,1,1,0,0,0,0,0,0,0
4,S,1,1,0,0,0,0,0,0,0
4,S,1,1,0,0,0,0,0,0,0
4,S,1,1,0,0,0,0,0,0,0
4,S,1,1,0,0,0,0,0,0,0
4,S,1,1,0,0,0,0,0,0,0
4,S,1,1,0,0,0,0,0,0,0
4,S,1,1,0,0,0,0,0,0,0
4,S,1,1,0,0,0,0,0,0,0
4,S,1,1,0,0,0,0,0,0,0
4,S,1,0,0,0,0,0,0,0,0
4,S,1,0,0,0,0,0,0,0,0
4,S,1,0,0,0,0,0,0,0,0
4,S,1,0,0,0,0,0,0,0,0
4,S,1,0,0,0,0,0,0,0,0
4,S,1,0,0,0,0,0,0,0,0
4,S,1,0,0,0,0,0,0,0,0
4,S,1,0,0,0,0,0,0,0,0
4,S,1,0,0,0,0,0,0,0,0
4,S,1,0,0,0,0,0,0,0,0
4,S,1,0,0,0,0,0,0,0,0
4,S,1,0,0,0,0,0,0,0,0
2,N,1,1,1,0,0,0,0,0,0
2,N,1,1,1,0,0,0,0,0,0
2,N,1,1,1,0,0,0,0,0,0
2,N,1,1,1,0,0,0,0,0,0
2,N,1,1,1,0,0,0,0,0,0
2,N,1,1,1,0,0,0,0,0,0
2,N,1,1,1,0,0,0,0,0,0
2,N,1,1,1,0,0,0,0,0,0
2,N,1,1,1,0,0,0,0,0,0
2,N,1,1,1,0,0,0,0,0,0
2,N,1,1,1,0,0,0,0,0,0
2,N,1,1,1,0,0,0,0,0,0
2,N,1,1,1,0,0,0,0,0,0
2,N,1,1,1,0,0,0,0,0,0
2,N,1,1,1,0,0,0,0,0,0
2,N,1,1,1,0,0,0,0,0,0
2,N,1,1,1,0,0,0,0,0,0
2,N,1,1,1,0,0,0,0,0,0
2,N,1,1,1,0,0,0,0,0,0
2,N,1,1,1,0,0,0,0,0,0
2,N,1,1,1,0,0,0,0,0,0
2,N,1,1,1,0,0,0,0,0,0
2,N,1,1,1,0,0,0,0,0,0
2,N,1,1,1,0,0,0,0,0,0
2,N,1,1,1,0,0,0,0,0,0
2,N,1,1,1,0,0,0,0,0,0
2,N,1,1,1,0,0,0,0,0,0
2,N,1,1,1,0,0,0,0,0,0
2,N,1,1,1,0,0,0,0,0,0
2,N,1,1,1,0,0,0,0,0,0
2,N,1,1,1,0,0,0,0,0,0
2,N,1,1,1,0,0,0,0,0,0
2,N,1,1,1,0,0,0,0,0,0
2,N,1,1,1,0,0,0,0,0,0
2,N,1,1,1,0,0,0,0,0,0
2,N,1,1,1,0,0,0,0,0,0
2,N,1,1,1,0,0,0,0,0,0
2,N,1,1,1,0,0,0,0,0,0
2,N,1,1,1,0,0,0,0,0,0
2,N,1,1,1,0,0,0,0,0,0
2,N,1,1,1,0,0,0,0,0,0
2,N,1,1,1,0,0,0,0,0,0
2,N,1,1,1,0,0,0,0,0,0
2,N,1,1,1,0,0,0,0,0,0
2,N,1,1,1,0,0,0,0,0,0
2,N,1,1,1,0,0,0,0,0,0
2,N,1,1,1,0,0,0,0,0,0
2,N,1,1,1,0,0,0,0,0,0
2,N,1,1,1,0,0,0,0,0,0
2,N,1,1,1,0,0,0,0,0,0
2,N,1,1,1,0,0,0,0,0,0
2,N,1,1,1,0,0,0,0,0,0
2,N,1,1,1,0,0,0,0,0,0
2,N,1,1,1,0,0,0,0,0,0
2,N,1,1,1,0,0,0,0,0,0
2,N,1,1,1,0,0,0,0,0,0
2,N,1,1,1,0,0,0,0,0,0
2,N,1,1,1,0,0,0,0,0,0
2,N,1,1,1,0,0,0,0,0,0
2,N,1,1,1,0,0,0,0,0,0
2,N,1,1,1,0,0,0,0,0,0
2,N,1,1,1,0,0,0,0,0,0
2,N,1,1,1,0,0,0,0,0,0
2,N,1,1,1,0,0,0,0,0,0
2,N,1,1,1,0,0,0,0,0,0
2,N,1,1,1,0,0,0,0,0,0
2,N,1,1,1,0,0,0,0,0,0
2,N,1,1,1,0,0,0,0,0,0
2,N,1,1,1,0,0,0,0,0,0
2,N,1,1,1,0,0,0,0,0,0
2,N,1,1,1,0,0,0,0,0,0
2,N,1,1,1,0,0,0,0,0,0
2,N,1,1,1,0,0,0,0,0,0
2,N,1,1,1,0,0,0,0,0,0
2,N,1,1,1,0,0,0,0,0,0
2,N,1,1,1,0,0,0,0,0,0
2,N,1,1,1,0,0,0,0,0,0
2,N,1,1,1,0,0,0,0,0,0
2,N,1,1,1,0,0,0,0,0,0
2,N,1,1,1,0,0,0,0,0,0
2,N,1,1,1,0,0,0,0,0,0
2,N,1,1,1,0,0,0,0,0,0
2,N,1,1,1,0,0,0,0,0,0
2,N,1,1,1,0,0,0,0,0,0
2,N,1,1,1,0,0,0,0,0,0
2,N,1,1,1,0,0,0,0,0,0
2,N,1,1,1,0,0,0,0,0,0
2,N,1,1,1,0,0,0,0,0,0
2,N,1,1,1,0,0,0,0,0,0
2,N,1,1,1,0,0,0,0,0,0
2,N,1,1,1,0,0,0,0,0,0
2,N,1,1,1,0,0,0,0,0,0
2,N,1,1,1,0,0,0,0,0,0
2,N,1,1,1,0,0,0,0,0,0
2,N,1,1,1,0,0,0,0,0,0
2,N,1,0,0,0,0,0,0,0,0
2,N,1,0,0,0,0,0,0,0,0
2,N,1,0,0,0,0,0,0,0,0
2,N,1,0,0,0,0,0,0,0,0
2,H,1,1,1,0,0,0,0,0,0
2,H,1,1,1,0,0,0,0,0,0
2,H,1,1,1,0,0,0,0,0,0
2,H,1,1,1,0,0,0,0,0,0
2,H,1,1,1,0,0,0,0,0,0
2,H,1,1,1,0,0,0,0,0,0
2,H,1,1,1,0,0,0,0,0,0
2,H,1,1,1,0,0,0,0,0,0
2,H,1,1,1,0,0,0,0,0,0
2,H,1,1,1,0,0,0,0,0,0
2,H,1,1,1,0,0,0,0,0,0
2,H,1,1,1,0,0,0,0,0,0
2,H,1,1,1,0,0,0,0,0,0
2,H,1,1,1,0,0,0,0,0,0
2,H,1,1,1,0,0,0,0,0,0
2,H,1,1,1,0,0,0,0,0,0
2,H,1,1,1,0,0,0,0,0,0
2,H,1,1,1,0,0,0,0,0,0
2,H,1,1,1,0,0,0,0,0,0
2,H,1,1,1,0,0,0,0,0,0
2,H,1,1,1,0,0,0,0,0,0
2,H,1,1,1,0,0,0,0,0,0
2,H,1,1,1,0,0,0,0,0,0
2,H,1,1,1,0,0,0,0,0,0
2,H,1,1,1,0,0,0,0,0,0
2,H,1,1,1,0,0,0,0,0,0
2,H,1,1,1,0,0,0,0,0,0
2,H,1,1,1,0,0,0,0,0,0
2,H,1,1,1,0,0,0,0,0,0
2,H,1,1,1,0,0,0,0,0,0
2,H,1,1,1,0,0,0,0,0,0
2,H,1,1,1,0,0,0,0,0,0
2,H,1,1,1,0,0,0,0,0,0
2,H,1,1,1,0,0,0,0,0,0
2,H,1,1,1,0,0,0,0,0,0
2,H,1,1,1,0,0,0,0,0,0
2,H,1,1,1,0,0,0,0,0,0
2,H,1,1,1,0,0,0,0,0,0
2,H,1,1,1,0,0,0,0,0,0
2,H,1,1,1,0,0,0,0,0,0
2,H,1,1,1,0,0,0,0,0,0
2,H,1,1,1,0,0,0,0,0,0
2,H,1,1,1,0,0,0,0,0,0
2,H,1,1,1,0,0,0,0,0,0
2,H,1,1,1,0,0,0,0,0,0
2,H,1,1,1,0,0,0,0,0,0
2,H,1,1,1,0,0,0,0,0,0
2,H,1,1,1,0,0,0,0,0,0
2,H,1,1,1,0,0,0,0,0,0
2,H,1,1,1,0,0,0,0,0,0
2,H,1,1,1,0,0,0,0,0,0
2,H,1,1,1,0,0,0,0,0,0
2,H,1,1,1,0,0,0,0,0,0
2,H,1,1,1,0,0,0,0,0,0
2,H,1,1,1,0,0,0,0,0,0
2,H,1,1,1,0,0,0,0,0,0
2,H,1,1,1,0,0,0,0,0,0
2,H,1,1,1,0,0,0,0,0,0
2,H,1,1,1,0,0,0,0,0,0
2,H,1,1,1,0,0,0,0,0,0
2,H,1,1,1,0,0,0,0,0,0
2,H,1,1,1,0,0,0,0,0,0
2,H,1,1,1,0,0,0,0,0,0
2,H,1,1,1,0,0,0,0,0,0
2,H,1,1,1,0,0,0,0,0,0
2,H,1,1,1,0,0,0,0,0,0
2,H,1,1,1,0,0,0,0,0,0
2,H,1,1,1,0,0,0,0,0,0
2,H,1,1,1,0,0,0,0,0,0
2,H,1,1,1,0,0,0,0,0,0
2,H,1,1,1,0,0,0,0,0,0
2,H,1,1,1,0,0,0,0,0,0
2,H,1,1,1,0,0,0,0,0,0
2,H,1,1,1,0,0,0,0,0,0
2,H,1,1,1,0,0,0,0,0,0
2,H,1,1,1,0,0,0,0,0,0
2,H,1,1,1,0,0,0,0,0,0
2,H,1,1,1,0,0,0,0,0,0
2,H,1,1,1,0,0,0,0,0,0
2,H,1,1,1,0,0,0,0,0,0
2,H,1,1,1,0,0,0,0,0,0
2,H,1,1,1,0,0,0,0,0,0
2,H,1,1,1,0,0,0,0,0,0
2,H,1,1,1,0,0,0,0,0,0
2,H,1,1,1,0,0,0,0,0,0
2,H,1,1,1,0,0,0,0,0,0
2,H,1,1,1,0,0,0,0,0,0
2,H,1,1,1,0,0,0,0,0,0
2,H,1,1,1,0,0,0,0,0,0
2,H,1,1,1,0,0,0,0,0,0
2,H,1,1,1,0,0,0,0,0,0
2,H,1,1,1,0,0,0,0,0,0
2,H,1,1,1,0,0,0,0,0,0
2,H,1,1,1,0,0,0,0,0,0
2,H,1,1,1,0,0,0,0,0,0
2,H,1,1,1,0,0,0,0,0,0
2,H,1,1,1,0,0,0,0,0,0
2,H,1,1,1,0,0,0,0,0,0
2,H,1,1,0,0,0,0,0,0,0
2,H,1,0,0,0,0,0,0,0,0
2,S,1,1,1,0,1,1,0,8167,309867
2,S,1,1,1,0,1,1,0,933,44080
2,S,1,1,1,0,1,1,0,1117,23120
2,S,1,1,1,0,1,1,0,3000,206040
2,S,1,1,1,0,1,1,0,400,81467
2,S,1,1,1,0,1,1,0,0,74507
2,S,1,1,1,0,1,1,0,0,21773
2,S,1,1,1,0,0,1,0,0,86240
2,S,1,1,1,0,0,1,0,0,237253
2,S,1,1,1,0,0,1,0,0,92960
2,S,1,1,1,0,0,1,0,0,10580
2,S,1,1,1,0,0,0,0,0,0
2,S,1,1,1,0,0,0,0,0,0
2,S,1,1,1,0,0,0,0,0,0
2,S,1,1,1,0,0,0,0,0,0
2,S,1,1,1,0,0,0,0,0,0
2,S,1,1,1,0,0,0,0,0,0
2,S,1,1,1,0,0,0,0,0,0
2,S,1,1,1,0,0,0,0,0,0
2,S,1,1,1,0,0,0,0,0,0
2,S,1,1,1,0,0,0,0,0,0
2,S,1,1,1,0,0,0,0,0,0
2,S,1,1,1,0,0,0,0,0,0
2,S,1,1,1,0,0,0,0,0,0
2,S,1,1,1,0,0,0,0,0,0
2,S,1,1,1,0,0,0,0,0,0
2,S,1,1,1,0,0,0,0,0,0
2,S,1,1,1,0,0,0,0,0,0
2,S,1,1,1,0,0,0,0,0,0
2,S,1,1,1,0,0,0,0,0,0
2,S,1,1,1,0,0,0,0,0,0
2,S,1,1,1,0,0,0,0,0,0
2,S,1,1,1,0,0,0,0,0,0
2,S,1,1,1,0,0,0,0,0,0
2,S,1,1,1,0,0,0,0,0,0
2,S,1,1,1,0,0,0,0,0,0
2,S,1,1,1,0,0,0,0,0,0
2,S,1,1,1,0,0,0,0,0,0
2,S,1,1,1,0,0,0,0,0,0
2,S,1,1,1,0,0,0,0,0,0
2,S,1,1,1,0,0,0,0,0,0
2,S,1,1,1,0,0,0,0,0,0
2,S,1,1,1,0,0,0,0,0,0
2,S,1,1,1,0,0,0,0,0,0
2,S,1,1,1,0,0,0,0,0,0
2,S,1,1,1,0,0,0,0,0,0
2,S,1,1,1,0,0,0,0,0,0
2,S,1,1,1,0,0,0,0,0,0
2,S,1,1,1,0,0,0,0,0,0
2,S,1,1,1,0,0,0,0,0,0
2,S,1,1,1,0,0,0,0,0,0
2,S,1,1,1,0,0,0,0,0,0
2,S,1,1,1,0,0,0,0,0,0
2,S,1,1,1,0,0,0,0,0,0
2,S,1,1,1,0,0,0,0,0,0
2,S,1,1,1,0,0,0,0,0,0
2,S,1,1,1,0,0,0,0,0,0
2,S,1,1,1,0,0,0,0,0,0
2,S,1,1,1,0,0,0,0,0,0
2,S,1,1,1,0,0,0,0,0,0
2,S,1,1,1,0,0,0,0,0,0
2,S,1,1,1,0,0,0,0,0,0
2,S,1,1,1,0,0,0,0,0,0
2,S,1,1,1,0,0,0,0,0,0
2,S,1,1,1,0,0,0,0,0,0
2,S,1,1,1,0,0,0,0,0,0
2,S,1,1,1,0,0,0,0,0,0
2,S,1,1,1,0,0,0,0,0,0
2,S,1,1,1,0,0,0,0,0,0
2,S,1,1,1,0,0,0,0,0,0
2,S,1,1,1,0,0,0,0,0,0
2,S,1,1,1,0,0,0,0,0,0
2,S,1,1,1,0,0,0,0,0,0
2,S,1,1,1,0,0,0,0,0,0
2,S,1,1,1,0,0,0,0,0,0
2,S,1,1,1,0,0,0,0,0,0
2,S,1,1,1,0,0,0,0,0,0
2,S,1,1,1,0,0,0,0,0,0
2,S,1,1,1,0,0,0,0,0,0
2,S,1,1,1,0,0,0,0,0,0
2,S,1,1,1,0,0,0,0,0,0
2,S,1,1,1,0,0,0,0,0,0
2,S,1,1,1,0,0,0,0,0,0
2,S,1,1,1,0,0,0,0,0,0
2,S,1,1,1,0,0,0,0,0,0
2,S,1,1,1,0,0,0,0,0,0
2,S,1,0,0,0,0,0,0,0,0
2,S,1,0,0,0,0,0,0,0,0
2,S,1,0,0,0,0,0,0,0,0
2,S,1,0,0,0,0,0,0,0,0
2,S,1,0,0,0,0,0,0,0,0
2,S,1,0,0,0,0,0,0,0,0
2,S,1,0,0,0,0,0,0,0,0
2,S,1,0,0,0,0,0,0,0,0